ID,問題文,選択肢1,選択肢2,選択肢3,選択肢4,選択肢5,正解番号,解説
1,満足度「1：満足　2：まぁまぁ満足　3：ちょっと不満　4：不満」は，質的データ・量的データのどちらか。,質的データ,量的データ,,,,1,数字は区別や順番を表すために割り当てているだけなので，質的データです。
2,満足度「1：満足　2：まぁまぁ満足　3：ちょっと不満　4：不満」の尺度はどれか。,名義尺度,順序尺度,間隔尺度,比例尺度,,2,順番には意味がありますが，1と2の差と2と3の差が同じとはいえないため，順序尺度です。
3,通学距離「〇km」は，質的データ・量的データのどちらか。,質的データ,量的データ,,,,2,長さとして測った値なので，量的データです。
4,通学距離「〇km」の尺度はどれか。,名義尺度,順序尺度,間隔尺度,比例尺度,,4,0 kmが「距離がない」ことを表し，2倍・半分といった比にも意味があるため，比例尺度です。
5,テストの点数「〇点」は，質的データ・量的データのどちらか。,質的データ,量的データ,,,,2,数値の差に意味があるため，量的データです。
6,テストの点数「〇点」の尺度はどれか。,名義尺度,順序尺度,間隔尺度,比例尺度,,3,点数の差は等間隔で計算できますが，0点が「学力がまったくない」ことを意味しないため，間隔尺度として扱います。
7,性別「1：男　2：女」は，質的データ・量的データのどちらか。,質的データ,量的データ,,,,1,数字は区別のための番号にすぎないため，質的データです。
8,性別「1：男　2：女」の尺度はどれか。,名義尺度,順序尺度,間隔尺度,比例尺度,,1,区別のための番号で，順序や大きさに意味がないため，名義尺度です。
9,データベース管理システム（DBMS）の機能のうち，データの矛盾や不整合が起きないように管理する機能はどれか。,障害回復,整合性管理,排他制御,セキュリティ,,2,データの矛盾を防ぐ機能を整合性管理といいます。
10,データベース管理システム（DBMS）の機能のうち，利用者ごとにアクセスできる範囲を制限し，不正な利用を防ぐ機能はどれか。,排他制御,障害回復,セキュリティ,整合性管理,,3,アクセス権限などでデータを守る機能をセキュリティといいます。
11,データベース管理システム（DBMS）の機能のうち，複数の利用者が同じデータを同時に更新して矛盾が生じないようにする機能はどれか。,正規化,排他制御,整合性管理,障害回復,,2,一方が更新している間，もう一方の更新を待たせる仕組みを排他制御といいます。
12,データベース管理システム（DBMS）の機能のうち，故障などが起きたときにデータを元の状態に戻す機能はどれか。,射影,排他制御,障害回復,セキュリティ,,3,障害が起きる前の状態にデータを復旧する機能を障害回復といいます。
13,データベース管理システム（DBMS）が持つ，データベースへの要求を処理する以外の機能として，当てはまらないものはどれか。,正規化,障害回復,整合性管理,排他制御,,1,DBMSの機能は整合性管理・セキュリティ・排他制御・障害回復の4つです。正規化は表を設計するときの考え方です。
14,図書番号・書名・著者名・出版社・分類番号を列に持つ図書の表がある。この表全体を何と呼ぶか。,レコード,テーブル,項目名,フィールド,,2,関係データベースで，データを格納する表全体をテーブルといいます。
15,図書番号・書名・著者名・出版社・分類番号を列に持つ図書の表がある。「図書番号」「書名」のような，列の見出しを何と呼ぶか。,レコード,フィールド,テーブル,項目名,,4,列の名前を項目名といいます。
16,図書番号・書名・著者名・出版社・分類番号を列に持つ図書の表がある。1冊分のデータ（横1行分）を何と呼ぶか。,フィールド,レコード,テーブル,項目名,,2,横1行分のデータをレコードといいます。
17,図書番号・書名・著者名・出版社・分類番号を列に持つ図書の表がある。「書名」の列に並ぶデータ（縦1列分）を何と呼ぶか。,レコード,項目名,テーブル,フィールド,,4,縦1列分のデータをフィールドといいます。
18,扱っているデータから重複や余分な箇所をなくし，不具合を減らすことを何というか。,排他制御,標準化,暗号化,正規化,,4,関係データベースで表を分割して重複をなくすことを正規化といいます。
19,アンケート結果の表で，A1:A8に職業，B1:B8に好きなスポーツ，D1:D8に年齢が入力されている。学生で，テニスが好きな人を数える式はどれか。,"=COUNTIFS(A1:A8,""テニス"",B1:B8,""学生"")","=COUNTIFS(A1:A8,""学生"")+COUNTIFS(B1:B8,""テニス"")","=COUNTIF(A1:A8,""学生"",B1:B8,""テニス"")","=COUNTIFS(A1:A8,""学生"",B1:B8,""テニス"")",,4,COUNTIFS関数は「範囲，条件」の組を並べて，すべての条件を満たす件数を数えます。職業の範囲に「学生」，スポーツの範囲に「テニス」を対応させます。
20,アンケート結果の表で，A1:A8に職業，B1:B8に好きなスポーツ，D1:D8に年齢が入力されている。20代の学生の人数を数える式はどれか。,"=COUNTIFS(A1:A8,""学生"",D1:D8,"">=20"")","=COUNTIFS(A1:A8,""学生"",D1:D8,"">=20"",D1:D8,""<30"")","=COUNTIFS(A1:A8,""学生"",D1:D8,"">20"",D1:D8,""<=30"")","=COUNTIFS(A1:A8,""学生"",D1:D8,""20代"")",,2,20代は「20以上」かつ「30未満」なので，年齢の範囲に2つの条件を指定します。
21,ある集団を（　ア　）したいが，何らかの理由によってできないとき，その集団の一部を取り出して調べることがある。（　ア　）に当てはまる語句はどれか。,層別抽出法,全数調査,標本調査,データマイニング,,2,集団のすべてを調べることを全数調査といいます。
22,集団の全部を調べられないとき，その集団の一部を取り出して調べる方法を何というか。,標本調査,単純無作為抽出法,全数調査,テキストマイニング,,1,一部（標本）を取り出して全体を推測する調査を標本調査といいます。
23,標本の抽出方法のうち，集団からくじ引きのように偶然にまかせて選ぶ方法はどれか。,標本調査,層別抽出法,全数調査,単純無作為抽出法,,4,すべての対象が等しい確率で選ばれるようにする方法を単純無作為抽出法といいます。
24,標本の抽出方法のうち，集団の一部が対象の集団に近い形になるように，グループごとに割合を考えて抽出する方法はどれか。,層別抽出法,単純無作為抽出法,データマイニング,全数調査,,1,性別や学年などのグループ（層）の割合を保って抽出する方法を層別抽出法といいます。
25,収集したデータのうち，書き忘れなどによって数値が欠けているものを何というか。,標本調査,外れ値,欠損値,最頻値,,3,値が欠けているデータを欠損値といいます。
26,収集したデータのうち，他の値と比べて値が大きく異なるものを何というか。,欠損値,ヒストグラム,最頻値,外れ値,,4,他から大きく外れた値を外れ値といいます。
27,データを可視化する方法として，箱ひげ図や散布図と並んで用いられる，度数の分布を柱の高さで表したグラフはどれか。,テキストマイニング,ヒストグラム,欠損値,層別抽出法,,2,度数分布を棒（柱）で表したグラフをヒストグラムといいます。
28,文章を単語で区切り，その出現回数や傾向を解析して情報を取り出す手法を何というか。,標本調査,データマイニング,ヒストグラム,テキストマイニング,,4,文章（テキスト）から情報を掘り出す手法をテキストマイニングといいます。
29,因果関係を前提として，2つの事柄の関係性を数式の形で表す手法を何というか。,単回帰分析,テキストマイニング,クラスタリング,重回帰分析,,1,1つの説明変数で1つの目的変数を表す手法を単回帰分析といいます。
30,因果関係を前提として，複数の説明変数で1つの目的変数を説明する手法を何というか。,層別抽出法,重回帰分析,階層型クラスタリング,単回帰分析,,2,説明変数が複数ある回帰分析を重回帰分析といいます。
31,次のPythonプログラムを実行した結果はどれか。print(300+450),750,print,300+450,,,1,計算式は計算された結果が表示されます。
32,次のPythonプログラムを実行した結果はどれか。print(17//3),2,5.666666666666667,5,51,,3,//は割り算の商（整数部分）を求める演算子です。17÷3の商は5です。
33,次のPythonプログラムを実行した結果はどれか。print(17%3),2,5.666666666666667,51,5,,1,%は割り算の余りを求める演算子です。17÷3＝5あまり2なので2です。
34,"次のPythonプログラムを実行した結果はどれか。
name='Sora'
print(name,'さんこんにちは')",Sora,Sora さんこんにちは,nameさんこんにちは,name,,2,変数nameの中身が表示されます。printでカンマ区切りにした値は，間に空白が入って表示されます。
35,"次のPythonプログラムを実行した結果はどれか。
sum=0
for i in range(6):
    sum = sum + i
print(sum)",6,0,sum,15,,4,range(6)は0〜5なので，0+1+2+3+4+5＝15です。print(sum)は繰り返しの外にあるため，最後に1回だけ表示されます。
36,"次のPythonプログラムを実行した結果はどれか。
a=15
if a%2 == 0:
    print('偶数')
else:
    print('奇数')",1,偶数,奇数,15,,3,15を2で割った余りは1なので，条件が成り立たずelseの「奇数」が表示されます。
37,"次のPythonプログラムを実行した結果はどれか。print('Hello, Hibiki')","Hello, Hibiki",エラーになる,Hello Hibiki,"'Hello, Hibiki'",,1,引用符の中の文字列がそのまま表示されます。引用符自体は表示されません。
38,次のPythonプログラムを実行した結果はどれか。print(2*6),2*6,26,12,8,,3,*は掛け算の演算子です。
39,次のPythonプログラムを実行した結果はどれか。print(7/2),1,3.5,14,3,,2,/は割り算の演算子で，小数まで計算されます。
40,"次のPythonプログラムを実行した結果はどれか。
a=5
b=7
print(a+b)",57,a+b,35,12,,4,変数aとbの中身を足した結果が表示されます。
41,Pythonで乗算（×）を表す演算子はどれか。,%,x,/,*,,4,掛け算は*（アスタリスク）を使います。
42,Pythonで除算（÷）を表す演算子はどれか。,/,//,¥,%,,1,割り算は/（スラッシュ）を使います。
43,Pythonで剰余算（割り算の余り）を表す演算子はどれか。,%,/,*,//,,1,余りは%を使います。
44,Pythonで「aとbは等しい」を表す比較演算子はどれか。,a == b,a >= b,a = b,a != b,,1,等しいかどうかの比較は==を使います。=は代入です。
45,Pythonで「aとbは等しくない」を表す比較演算子はどれか。,a == b,a =! b,a <> b,a != b,,4,等しくないことは!=で表します。
46,アンケート結果の表で，A1:A8に職業，B1:B8に好きなスポーツ，D1:D8に年齢が入力されている。学生で，野球が好きな人を数える式はどれか。,"=COUNTIF(B1:B8,""野球"")","=COUNTIFS(A1:A8,""学生"",B1:B8,""野球"")","=COUNTIFS(A1:A8,""野球"",B1:B8,""学生"")","=COUNTIFS(A1:A8,""学生"")",,2,職業の範囲に「学生」，スポーツの範囲に「野球」を対応させます。
47,"次のPythonプログラムを実行した結果はどれか。print('Hello, World')",エラーになる,"'Hello, World'",HelloWorld,"Hello, World",,4,引用符の中の文字列がそのまま表示されます。
48,次のPythonプログラムを実行した結果はどれか。print(123+456),123456,123+456,579,333,,3,数値どうしの足し算の結果が表示されます。
49,次のPythonプログラムを実行した結果はどれか。print(10*4),14,2.5,104,40,,4,*は掛け算です。
50,"次のPythonプログラムを実行した結果はどれか。
name='Hibiki'
print(name,'さんこんにちは')",Hibiki さんこんにちは,name さんこんにちは,Hibiki,nameさんこんにちは,,1,変数nameの中身が表示され，カンマ区切りの値の間には空白が入ります。
51,"次のPythonプログラムを実行した結果はどれか。
a=99
if a%2 == 0:
    print('偶数')
else:
    print('奇数')",99,奇数,1,偶数,,2,99を2で割った余りは1なので，条件が成り立たずelseの「奇数」が表示されます。
52,天候「1：晴　2：曇　3：雨」の尺度はどれか。,名義尺度,順序尺度,間隔尺度,比例尺度,,1,区別のための番号で，順序や大きさに意味がないため，名義尺度です。
53,徒競走の順位「〇位」の尺度はどれか。,名義尺度,順序尺度,間隔尺度,比例尺度,,2,順位には順序がありますが，1位と2位の差と2位と3位の差が等しいとは限らないため，順序尺度です。
54,体温「〇℃」の尺度はどれか。,名義尺度,順序尺度,間隔尺度,比例尺度,,3,温度の差は等間隔ですが，0 ℃は「温度がない」ことを意味しないため，比に意味がない間隔尺度です。
55,100 m走のタイム「〇秒」の尺度はどれか。,名義尺度,順序尺度,間隔尺度,比例尺度,,4,0秒が基準となり，2倍の時間などの比にも意味があるため，比例尺度です。
56,「区別のために用いられる番号で，順序や大きさは意味を持たない」尺度はどれか。,名義尺度,順序尺度,間隔尺度,比例尺度,,1,名義尺度の説明です。
57,「順序は決まっているが，数値の間隔には意味がない」尺度はどれか。,名義尺度,順序尺度,間隔尺度,比例尺度,,2,順序尺度の説明です。
58,「数値の差が等間隔で，引き算などにより統計量を出すことができる」尺度はどれか。,名義尺度,順序尺度,間隔尺度,比例尺度,,3,間隔尺度の説明です。
59,「数値の差とともに，比にも意味がある」尺度はどれか。,名義尺度,順序尺度,間隔尺度,比例尺度,,4,比例尺度の説明です。
60,関係データベースの操作のうち，条件を満たすデータ（行）だけを抽出して新たな表を作る操作はどれか。,選択,射影,結合,正規化,,1,行を条件で取り出す操作を選択といいます。
61,関係データベースの操作のうち，表からいくつかの項目（列）を取り出して新たな表を作る操作はどれか。,結合,射影,排他制御,選択,,2,列を取り出す操作を射影といいます。
62,関係データベースの操作のうち，複数の表を共通する項目の関係に基づいてつなぎ，新たな表を作る操作はどれか。,選択,結合,射影,正規化,,2,複数の表をつなぐ操作を結合といいます。
63,アンケートの構成を考えるときの注意点として，適切でないものはどれか。,過去から未来に向かって並べる,1つの質問には1つの回答を基本とする,答えにくい質問を最初に置く,回答しやすい質問から順に並べる,,3,最初に答えにくい質問があると回答をやめてしまう人が増えるため，回答しやすい質問から並べます。
64,関係データベースで，重複や余分な箇所をなくし，不整合が起きる頻度を減らすことを何というか。,正規化,射影,障害回復,結合,,1,正規化の説明です。
65,因果関係を立証するための規準として，当てはまらないものはどれか。,原因が結果より先に生じていること,データの件数が多いこと,共変性があること（相関関係があること）,交絡因子を排除していること,,2,因果関係の規準は，共変性・時間的順序関係・交絡因子の排除の3つです。件数が多くても因果関係の証明にはなりません。
66,因果関係を立証するための規準のうち，「原因が結果より先に生じていること」を何というか。,時間的順序関係があること,外れ値がないこと,共変性があること,交絡因子を排除していること,,1,原因→結果の順に起きていることを時間的順序関係といいます。
67,因果関係を立証するための規準のうち，「一方が変化するともう一方も変化する」ことを何というか。,交絡因子を排除していること,欠損値がないこと,共変性があること,時間的順序関係があること,,3,共変性とは相関関係があることです。
68,データを分類するとき，医療検査の陽性・陰性のように，あらかじめデータに付与されている分類の目印を何というか。,外れ値,クラスタ,フィールド,ラベル,,4,すでに付与されている分類の目印をラベルといいます。
69,ラベルが付与されていないデータを，データ間の近さなどを指標にして分類することを何というか。,テキストマイニング,クラスタリング,回帰分析,正規化,,2,似たものどうしをまとめて分類することをクラスタリングといいます。
70,クラスタリングのうち，似た性質のものを順に集団にしていく方法はどれか。,非階層型クラスタリング,階層型クラスタリング,重回帰分析,層別抽出法,,2,近いものから順にまとめていく方法を階層型クラスタリングといいます。
71,クラスタリングのうち，集団の数を先に決めてからデータを分ける方法はどれか。,単純無作為抽出法,階層型クラスタリング,非階層型クラスタリング,単回帰分析,,3,集団の数を決めてから分ける方法を非階層型クラスタリングといいます。
72,階層型クラスタリングで，データがまとまっていく過程を木の枝のように表した図を何というか。,散布図,デンドログラム,ヒストグラム,箱ひげ図,,2,階層型クラスタリングの結果はデンドログラム（樹形図）で表します。
73,次のPythonプログラムを実行した結果はどれか。print(20//6),120,3,3.33,2,,2,//は商を求めます。20÷6＝3あまり2なので3です。
74,次のPythonプログラムを実行した結果はどれか。print(20%6),2,14,3,3.33,,1,%は余りを求めます。20÷6＝3あまり2なので2です。
75,次のPythonプログラムを実行した結果はどれか。print(10/4),2.5,40,2,6,,1,/は小数まで計算する割り算です。